id,ordenMenu,nombre,ruta,especie,tipo,rango,caracteristicas,notas,tamano_min,tamano_max, vsfuego,vsagua,vsrayo,vshielo,vsdraco,vsveneno,vssueno,vsparalisis,vsnitro,vsaturdimiento,elemento01,elemento01ruta,elemento02,elemento02ruta,resistencia01,resistencia01ruta,resistencia02,resistencia02ruta,resistencia03,resistencia03ruta,estado01,estado01ruta,estado02,estado02ruta,estado03,estado03ruta
1,1,Aptonoth,Aptonoth,Hervíboro,Pequeño,BA,,"Dóciles hervíboros que encontrarás pastando juntos. Su carne es muy nutritiva y se considera deliciosa. Si atacas a un miembro de la manada, el resto huirá inmediatamente.",0.00,0.00,2,2,2,2,0,0,0,0,0,0,,,,,,,,,,,,,,,,
2,2,Jagras,Jagras,Wyvern de colmillos,Pequeño,BA,,"Miembros de la manada de un Gran Jagras. Si ven morir a uno de los suyos huirán, pero también se les ha visto emboscar a monstruos grandes en cortos espacios de tiempo.",0.00,0.00,2,0,2,0,0,0,0,0,0,0,,,,,,,,,,,,,,,,
3,3,Mernos,Mernos,Dracoalado,Pequeño,BA,,"Dracoalados que devoran fragmenueces. Si se asustan, sus bandadas pueden llegar a desplazarse largas distancias, convirtiéndolos en transportes ideales para cazadores listos.",0.00,0.00,2,2,2,2,0,0,0,0,0,0,,,,,,,,,,,,,,,,
4,4,Vespoid,Vespoid,Neopteron,Pequeño,BA,,"Insectos que paralizan a sus objetivos con el aguijón al final de su abdomen. Debido a su fragilidad, para conseguir sus partes blandas deberás acabar con ellos con la eslinga o con veneno.",0.00,0.00,2,0,0,0,0,2,0,0,0,0,,,,,,,,,,,,,,,,
5,5,Musgorrino,Musgorrino,Hervíboro,Pequeño,BA,,"Los musgorrinos tienen un sentido del olfato muy agudo, que utilizan para encontrar setas. Si lo que estás buscando son setas, síguelos y darás con las mejores.",0.00,0.00,2,2,2,2,0,0,0,0,0,0,,,,,,,,,,,,,,,,
6,6,Apceros,Apceros,Hervíboro,Pequeño,BA,,"Hervíboros que habitan en el Yermo de Agujas. Han desarrollado una piel especialmente dura para mantener a los atacantes a raya, y se reúnen en grupo para defenderse.",0.00,0.00,2,0,2,0,0,0,0,0,0,0,,,,,,,,,,,,,,,,
7,7,Kestodon,Kestodon,Hervíboro,Pequeño,BA,,"Las hembras de Kestodon alertan al grupo de cualquier peligro, mientras los machos cargan violentamente contra cualquier posible amenaza. Bloquea su carga y abrirás sus defensas.",0.00,0.00,0,2,0,2,0,0,0,0,0,0,,,,,,,,,,,,,,,,
8,8,Noios,Noios,Dracoalado,Pequeño,BA,,"Dracoalados cuyo grito al asustarles suena similar al de una cápsula chillona. Llama su atención con carne, y podrás cazarlos para materiales o usarlos como medio de transporte.",0.00,0.00,0,2,2,2,0,0,0,0,0,0,,,,,,,,,,,,,,,,
9,9,Gajau,Gajau,Pez,Pequeño,BA,,Nadadores agresivos que defienden su territorio en grupos. ¡No te acerques demasiado a donde vivan!.,0.00,0.00,2,0,2,0,0,0,0,0,0,0,,,,,,,,,,,,,,,,
10,10,Kelbi,Kelbi,Hervíboro,Pequeño,BA,,Pequeños herbívoros de carácter afable y un cuerno con propiedades medicinales. Para poder cortar su cuerno es necesario aturdirlos primero con un golpe en la cabeza.,0.00,0.00,2,2,2,2,0,0,0,0,0,0,,,,,,,,,,,,,,,,
11,11,Raphinos,Raphinos,Dracoalado,Pequeño,BA,,"Dracoalados que viven en los Altiplanos Coralinos. Les gusta robar los huevos de otros animales, pero al hacerlo se hacen vulnerables a los depredadores más grandes.",0.00,0.00,0,0,2,0,0,0,0,0,0,0,,,,,,,,,,,,,,,,
12,12,Shamos,Shamos,Wyvern de colmillos,Pequeño,BA,,"Pequeños monstruos nocturnos. Son especialmente vulnerables a los fogonazos cegadores del Tzitzi-Ya-Ku, pero si se juntan en un buen grupo pueden ser una amenaza.",0.00,0.00,2,0,2,0,0,0,0,0,0,0,,,,,,,,,,,,,,,,
13,13,Girros,Girros,Wyvern de colmillos,Pequeño,BA,,Monstruos que atacan en grupo utilizando a su favor los gases letales del Valle Putrefacto. También son capaces de mutilar a sus víctimas con sus colmillos paralizantes.,0.00,0.00,0,0,2,0,0,0,0,0,0,0,,,,,,,,,,,,,,,,
14,14,Hornetaur,Hornetaur,Neopteron,Pequeño,BA,,Insectos pequeños sobre todo terrestres. Son muy territoriales y atacan a cualquier cosa que se acerque. Obtén sus materiales atacándoles con la eslinga.,0.00,0.00,2,2,0,0,0,0,0,0,0,0,,,,,,,,,,,,,,,,
15,15,Gastodon,Gastodon,Hervíboro,Pequeño,BA,,"Monstruos de instintos grupales que habitan en el Lecho de los Ancianos. Pueden alterarse fácilmente ante los intrusos, y cargan contra monstruos el doble de grandes que ellos.",0.00,0.00,0,0,2,0,0,0,0,0,0,0,,,,,,,,,,,,,,,,
16,16,Barnos,Barnos,Dracoalado,Pequeño,BA,,"Dracoalados muy insistentes que han prosperado en condiciones muy adversas. Atacan a intrusos con un ácido único, para a continuación atacar en grandes masas.",0.00,0.00,0,0,0,0,2,0,0,0,0,0,,,,,,,,,,,,,,,,
17,21,Gran Jagras,Gran-Jagras,Wyvern de colmillos,Grande,BAM,"El líder de una manada de Jagras. Son muy voraces: los Grandes Jagras hambrientos atacan a monstruos más fuertes que ellos, y cuando tienen el estómago lleno este puede hincharse hasta alcanzar un gran tamaño.","Incluso después de un festín, el estómago elástico del Gran Jagras se convierte en un arma con la que atacar a cazadores incautos. Atácale en la panza para forzarle a vomitar su presa y así debilitarlo.",976.5,1364.86,3,0,2,2,1,3,3,3,3,3,N/D,nd,,,Agua,agua,,,,,N/D,nd,,,,
18,22,Kulu-Ya-Ku,Kulu-Ya-Ku,Wyvern pájaro,Grande,BAM,Unos extraños wyvern pájaro que han desarrollado extremidades con las que pueden usar armas. Se les ha visto robando huevos de nidos en el Bosque Primigenio y el Yermo de Agujas.,"El Kulu-Ya-Ku es capaz de usar guijarros como escudos, o para estrellarlos contra sus enemigos. Usa la eslinga, o a sus enemigos naturales, para asustarlo y obligarlo a soltar lo que tuviera en las manos.",793.09,1622.23,2,3,2,2,2,2,2,2,2,2,N/D,nd,,,N/D,nd,,,,,N/D,nd,,,,
19,24,Pukei-Pukei,Pukei-Pukei,Wyvern pájaro,Grande,BAM,"Wyvern pájaro conocido por las toxinas venenosas de su cuerpo. A menudo almacena
fragmenueces en la boca o en la cola, lo que las cubre de veneno u las hace útiles como
proyectiles contra cualquier amenaza.","Los Pukei-Pukei son muy abusivos con los monstruos pequeños, pero se acobardan ante otros
mayores y más fuertes que ellos. Tienden a huir en cuanto se sienten en desventaja, así que
puedes utilizar esto en tu favor.",981.18,1344.99,2,0,3,2,1,1,3,3,2,2,N/D,nd,,,Agua,agua,,,,,Veneno,veneno,,,,
20,25,Barroth,Barroth,Wyvern brutal,Grande,BAM,"Los Barroth pasan gran parte de su tiempo buscando hormigas, su alimento principal, y
marcando su territorio con barro. Si se enfrentan a un enemigo, su seña de identidad es una
carga muy poderosa.","Los Barroth utilizan el fango endurecido como armadura, pero también pueden atacar
lanzándolo con fuerza desde su cuerpo. Si usas proyectiles elementales de agua con eslinga,
quizás puedas sacarle el barro de encima.",1217.1,3153.4,3,0,0,2,1,3,2,3,3,1,N/D,nd,,,Rayo,rayo,Fuego (cubierto de fango),fuego,Agua (sin cubrirse de fango),agua,N/D,nd,,,,
21,26,Jyuratodus,Jyuratodus,Wyvern nadador,Grande,BAM,"Un gran wyvern nadador que habita en los pantanos del Yermo de Agujas. Se ayuda del barro
para capturar a sus presas, y a veces se le puede ver peleando por su territorio con Barroth.","Es casi imposible dar batalla a un Jyratodus en su pantanoso hogar. Oblígalo a acudir a tierra y
luego usa armas de elemento agua o la eslinga para pelar poco a poco la capa de barro
endurecido que le protege.",1327.66,1885.89,1,0,3,1,1,2,1,2,1,3,Agua,agua,,,Agua (sin cubrirse de fango),agua,Rayo (cubierto de fango),rayo,Fuego (cubierto de fango),fuego,Plaga de agua,plagaAgua,,,,
22,27,Tobi-Kadachi,Tobi-Kadachi,Wyvern de colmillos,Grande,BAM,"Wyvern de grandes colmillos que vuela entro los arboles del Bosque Primigenio. Es capaz de
utilizar a su favor la electricidad estática que acumula al frotarse con los arboles mientras se
mueve.","Usa la cámara manual para evitar que el monstruo te ataque por la espalda al moverse de
árbol en árbol. La clave para vencerle es inmovilizarlo y evitar que alcance un estado de carga.",1157.46,1573.66,2,3,0,2,1,3,2,2,2,2,Rayo,rayo,,,Rayo,agua,,,,,Plaga de rayo,plagaRayo,,,,
23,29,Anjanath,Anjanath,Wyvern brutal,Grande,BAM,"Los Anjanath patrullan por el Bosque Primigenio en busca de su comida preferida, los
Aptonoth. Este agresivo monstruo ataca a cualquiera sin titubear.","Conocidos por las llamaradas que lanzan por sus fauces, gracias a un órgano único alojado en
su garganta. Si concentras tus ataques en la garganta del Anjanath, conseguirás dominarlo con
mucha más facilidad.",1446.88,2008.68,0,3,2,2,1,2,2,2,1,2,Fuego,fuego,,,Fuego,rayo,,,,,Plaga de fuego,plagaFuego,,,,
24,31,Rathian,Rathian,Wyvern volador,Grande,BAM,"Wyverns conocidas como “reinas de la tierra”. Depredadoras terrestres que dominan a sus
presas con su cola venenosa y poderosas patas.","Hazles frente con armadura resistente al fuego, e intenta neutralizar sus ataques cortando su
cola venenosa. Ten cuidado si les robas huevos: las Rathian persiguen a los ladrones de huevos
hasta los confines del Nuevo Mundo.",1543.85,2192.96,0,1,2,1,3,1,2,2,1,3,Fuego,fuego,,,Fuego,fuego,,,,,Plaga de fuego,plagaFuego,Veneno,veneno,,
25,37,Tzitzi-Ya-Ku,Tzitzi-Ya-Ku,Wyvern pájaro,Grande,BAM,"Un extraño monstruo que ciega tanto a presas como a enemigos con los destellos d un
órgano especial cerca de su cabeza, para a continuación rematarlos con sus fuertes patas.","El órgano luminoso del Tzitzi-Ya-Ku brilla instantes antes de su cegador destello, dando a los
cazadores tiempo para evitarlo. Si consigues dañar dicho órgano, reducirás el radio de
efectividad de sus destellos.",786.76,1099.67,2,2,3,3,2,2,2,2,2,2,N/D,nd,,,N/D,nd,,,,,Aturdimiento,aturdimiento,,,,
26,38,Paolumu,Paolumu,Wyvern volador,Grande,BAM,"Los Paolumu se dan auténticos festines de huevos en los Altiplanos Coralinos. Los peculiares
sacos de aire de su cuerpo les permiten flotar por el aire y atacar con su durísima cola.","Los Paolumu pierden su agilidad si sus sacos de aire están deshinchados. Concentra tus
ataques sobre pastes del cuerpo hinchadas u oblígale a exhala el aire, y así conseguirás dejarlo
inmóvil.",1006.16,1429.2,3,0,2,1,1,2,2,2,3,3,N/D,nd,,,Agua,agua,,,,,Presión viento,presionViento,,,,
27,40,Gran Girros,Gran-Girros,Wyvern de colmillos,Grande,BAM,"Un monstruo que se alimenta rapiñando los restos de comida caídos de los Altiplanos
Coralinos. Actúan como líderes de las manadas de Girros, cuentan con colmillos paralizantes
de gran tamaño.","Deshacerte de los Girros hace que el resto de la manda se disperse, asi que haz de ello una de
tus prioridades. Además, romper los colmillos del Gran Girros hace que su agente paralizante
sea mucho menos efectivo.",926.77,1316.44,2,3,0,2,1,2,3,1,2,2,N/D,nd,,,Rayo,rayo,,,,,Parálisis,paralisis,,,,
28,41,Radobaan,Radobaan,Wyvern brutal,Grande,BAM,"Un wyvern brutal gigantesco que se alimenta de huesos de cadáveres que se encuentran en el
Valle Putrefacto. También es capaz de usar los huesos como armadura, y se enrolla en una
bola para atacar y desplazarse.","Atácalo cuando rueda para desequilibrarlo y caerá. Una vez derribado puedes extraer
fragmentos de hueso de su cuerpo: despedazar su armadura ósea es fundamental para vencer
a esta bestia.",1587.05,2164.16,1,1,1,2,3,2,1,2,3,2,N/D,nd,,,N/D,nd,,,,,Sueño,sueno,,,,
29,42,Legiana,Legiana,Wyvern volador,Grande,BAM,"El mayor depredador de los Altiplanos Coralinos. Su dieta se basa en los Raphinos, a los que
caza con ráfagas de viento helado que emite su cuerpo y que dificulta la huida de sus víctimas.","La membrana que cubre su cuerpo da a los Legiana la capacidad de moverse a velocidades de
vértigo. Los cazadores astutos atacan la membrana de su cuerpo para poder emboscar al
monstruo más fácilmente, además de usar ataques venenosos.",1495.78,2090.69,2,1,3,0,1,3,2,2,2,2,Hielo,hielo,,,Hielo,hielo,,,,,Plaga de hielo,plagaHielo,,,,
30,44,Odogaron,Odogaron,Wyvern de colmillos,Grande,BAM,"Terrorífico monstruo que recorre el Valle Putrefacto en busca de carroña. Su naturaleza
agresiva convierte a cualquiera, sea monstruo o persona, en una cena potencial.","Las garras del Odogaron causan graves hemorragias, así que intenta evitarlas cueste lo que
cueste. Atráelo con carne hasta trampas y haz que se enfurezca: será mucho as fácil lidiar con
el cuándo este agotado.",541.61,1735.94,1,1,2,3,0,1,2,3,2,2,N/D,nd,,,Draco (inmune),draco,Fuego,fuego,Agua,agua,Sangrado,sangrado,,,,
31,34,Rathalos,Rathalos,Wyvern volador,Grande,BAM,"El mayor depredador del Bosque Primigenio, también conocido como “rey de los cielos”. Un
terrible monstruo que ataca a todo invasor con garras venenosas y aliento de fuego.","Los Rathalos prefieren mantenerse en las alturas para lanzar un sinfín de ataques, pero puedes
hacer que se estrellen con una bomba de luz bien lanzada con la eslinga. También puedes
herirles en las alas, debilitándoles en el momento de alzar el vuelo.",1499.71,2130.28,0,1,2,1,3,1,2,2,1,2,Fuego,fuego,,,Fuego,fuego,,,,,Plaga de fuego,plagaFuego,Veneno,veneno,Aturdimiento,aturdimiento
32,46,Diablos,Diablos,Wyvern volador,Grande,BAM,"El mayor depredador del Yermo de Agujas. Una bestia amenazadora y muy territorial, que se
esconde bajo tierra. Los ruidos fuertes le hacen salir en busca de presas a las que arrastra bajo
las arenas.","Puedes hacer salir a un Diablos a la superficie con ruidos fuertes. También puedes utilizar la
potencia del Diablos a tu favor, ya que si le haces embestir contra un termitero se puede
quedar atascado en él.",1844.7,2620.31,0,2,1,3,2,2,2,3,2,1,N/D,nd,,,Fuego,fuego,,,,,Aturdimiento,aturdimiento,,,,
33,48,Kirin,Kirin,Dragón anciano,Grande,BAM,"Los Kirin son tan difíciles de ver que poco se sabe de su ecología. Se dice que al provocarles sus
cuerpos quedan envueltos en electricidad pura.","Parece confirmado que los rayos con los que se rodea un Kirin endurecen su piel. La clave
contra ellos es preparar armas con sello de anciano y defenderte evitando sus ataques de rayo.",471.91,670.33,3,2,0,2,1,1,2,0,2,1,Rayo,rayo,,,Rayo,rayo,Parálisis,paralisis,,,Plaga de rayo,plagaRayo,,,,
34,81,Zorah Magdaros,Zorah-Magdaros,Dragón anciano,Grande,BA,"Un dragón anciano que surge de la tierra como un volcán. La comisión de investigación aún no
ha averiguado ni hacia donde se dirige ni por qué.","Los ataques normales no atraviesan su caparazón montañoso: usa armamento pesado (como
cañones y balistas) o ataca directamente los núcleos de magma que hay desprotegidos en la
superficie.",25764.59,25764.59,0,3,1,2,3,0,0,0,0,0,Fuego,fuego,,,N/D,nd,,,,,Plaga de fuego,plagaFuego,,,,
35,49,Dodogama,Dodogama,Wyvern de colmillos,Grande,AM,"Un monstruo cuya dieta se basa en devorar rocas. Los cristales que devora se mezclan con su
saliva para producir minerales explosivos que escupe a sus enemigos.","Los Dodogama acumulan los minerales explosivos en sus fauces, pero con ello debilitan su
gigantesca mandíbula. Si los minerales llegan a detonar en la boca misma del Dodogama,
tendrás la oportunidad perfecta de atacar.",977.78,1388.89,0,2,3,2,1,3,2,2,1,2,Fuego,fuego,,,Fuego,fuego,,,,,Plaga de nitro,plagaNitro,,,,
36,32,Rathian Rosa,Rathian-Rosa,Wyvern volador,Grande,AM,"Subespecie de Rathian con escamas de color rosa brillante. Estas Rathian sacuden sus toxicas
colas con aun más destreza que las Rathian normales, hiriendo a su presa con veneno antes de
rematarla.","Las Rathian Rosa tienen caparazones de dureza mayor que las Rathian en varias partes del
cuerpo, especialmente en la cola. Para llegar a cercenarla, la zona blanda en la base de la cola
es tu objetivo.",1543.85,2192.96,0,1,2,1,3,1,2,2,1,3,Fuego,fuego,,,Fuego,fuego,,,,,Veneno,veneno,,,,
37,50,Bazelgeuse,Bazelgeuse,Wyvern volador,Grande,AM,"Un malvado wyvern volador que se ha desplazado al Nuevo Mundo en busca de presas. Para
cazar esparce escamas explosivas por amplias superficies, para alimentarse de criaturas
atrapadas en la explosión.","Las escamas que el Bazelgeuse esparce explotan con una tremenda potencia, haciéndolas
letales. Concéntrate en sus patas para derribarlo, y luego ataca sus órganos generadores de
escamas.",1696.97,2410.48,0,1,3,2,2,2,2,2,1,1,Fuego,fuego,,,Fuego,fuego,,,,,Plaga de fuego,plagaFuego,,,,
38,52,Deviljho,Deviljho,Wyvern brutal,Grande,AM,"Debido a su metabolismo, los Deviljho siempre andan buscando presas. Son muy agresivos y a
menudo se les ve con las fauces clavadas en grandes monstruos y sacudiéndolos por los aires.","Si un Deviljho se enfurece, sus músculos hinchados brillan rojos como el infierno mismo. Y
mantén las distancias: también empezara a escupir un ataque elemental de draco. Los Deviljho
siguen al ataque incluso cuando están heridos, pero no te rindas: la persistencia es clave para
salir victorioso.",1857.44,2497.22,2,2,3,1,3,2,2,2,2,2,Draco,draco,,,N/D,nd,,,,,Plaga de draco,plagaDraco,Bajar defensa,bajarDefensa,,
39,54,Lavasioth,Lavasioth,Wyvern nadador,Grande,AM,"Los Lavasioth utilizan lava liquida como armadura. Son extremadamente agresivos y atacan sin
tregua hasta eliminar a la amenaza en cuestión.","Las placas de magma sobre el cuerpo del Lavasioth pierden su dureza cuando la criatura nada
por el magma. Ataca en cuanto el monstruo se asome y tendrás más posibilidades que si
esperas a que se endurezca.",1581.57,2246.55,0,3,2,2,1,3,1,2,1,2,Fuego,fuego,,,Fuego (sin endurecer),fuego,Rayo (endurecido),rayo,Hielo (endurecido),hielo,Plaga de fuego,plagaFuego,,,,
40,55,Uragaan,Uragaan,Wyvern brutal,Grande,AM,"Grandes y brutales Wyverns que se alimentan de minerales, haciendo crujir rocas enormes
hasta pulverizarlas con sus poderosísimas mandíbulas. Al parecer, no es infrecuente verle
librando disputas territoriales con Lavasioth.","El brutal choque de la mandíbula del Uragaan contra el suelo puede mandar ondas de choque
por toda la zona, haciendo detonar cualquier roca explosiva cercana. Sin embargo, un Uragaan
vencido es una mina de recursos.",1811.59,2470.36,0,3,1,2,2,3,1,2,2,3,Fuego,fuego,,,Fuego,fuego,,,,,Sueño,sueno,Plaga de fuego,plagaFuego,,
41,35,Rathalos Celeste,Rathalos-Celeste,Wyvern volador,Grande,AM,"Una subespecie de Rathalos de color azulado. De más movilidad que sus primos
convencionales, a menudo localizan a sus opresas desde las alturas y le lanzan sobre ellas.","Contrarresta sus acometidas aéreas observando sus movimientos en las alturas y encontrando
el momento para derribarles de las alturas. Una vez en tierra, los Rathalos no pueden lanzar
ataques múltiples, por lo que tendrás ventaja.",1499.71,2096.19,0,1,1,2,3,1,2,2,1,2,Fuego,fuego,,,Fuego,fuego,,,,,Plaga de fuego,plagaFuego,Veneno,veneno,Aturdimiento,aturdimiento
42,47,Diablos Negra,Diablos-Negra,Wyvern volador,Grande,AM,"Su aspecto es el de un Diablos de caparazón negro, pero en realidad son Diablos hembra en
celo. Su coloración es una seña que advierte de la agresividad extrema de estas bestias.","Las Diablos son mucho más agresivos con los intrusos cuando están en celo, y suelen atacar a
enemigos en retirada. No bajes la guardia, ni aunque creas estar a una distancia segura.",1844.7,2596.35,0,2,1,3,0,2,2,3,2,1,N/D,nd,,,Fuego,fuego,Draco,draco,,,N/D,nd,,,,
43,56,Nergigante,Nergigante,Dragón anciano,Grande,AM,"Un terrible dragón anciano que aparece cuando hay otros dragones ancianos en las cercanías.
Se ha documentado ampliamente su pasión por la destrucción.","Nergigante puede recuperarse de heridas de forma casi instantánea. Las partes del cuerpo
regeneradas se endurecen al pasa cierto tiempo, así que la mejor estrategia es atacarlas
mientras se mantengan blandas.",1626.35,2310.14,1,1,3,1,2,2,2,2,2,2,N/D,nd,,,N/D,nd,,,,,N/D,nd,,,,
44,58,Teostra,Teostra,Dragón anciano,Grande,AM,"Dragones ancianos de gran brutalidad, siempre envueltos en llamas y escupiendo fuego puro.
Debido a la fiereza y letalidad de los Teostra el gremio estudia con detalle sus movimientos.","La pólvora negra que cae de las escamas del Teostra se extiende por una amplia zona hasta
explotar. No le quites el ojo, ni tampoco a las llamas de las que se rodea, y contrarresta su
poder con armas con sello de ancianos.",1575.33,2237.69,0,3,1,3,1,2,1,1,1,2,Fuego,fuego,,,Fuego,fuego,,,,,Plaga de fuego,plagaFuego,Plaga de nitro,plagaNitro,,
45,60,Kushala-Daora,Kushala-Daora,Dragón anciano,Grande,AM,"Un dragón anciano envuelto en torbellinos de viento que dificultan acercarse a él. Tiene la piel
recubierta de duras escamas metálicas.","Al defenderse, las ráfagas de viento que rodean al Kushala se hacen cada vez más fuertes,
hasta bloquear los ataques de arco o ballesta. El escudo de viento es débil cuando el monstruo
sufre ataques, sobretodo de sello de ancianos.",1683.55,2391.41,1,0,3,0,2,3,1,1,3,2,N/D,nd,,,Agua,agua,Hielo,hielo,,,Aturdimiento,aturdimiento,,,,
46,61,Vaal Hazak,Vaal-Hazak,Dragón anciano,Grande,AM,"Un dragón anciano de aspecto grotesco que habita en lo más profundo del Valle Putrefacto.
Utiliza los letales efluvios del valle en lo que parece ser una relación simbiótica.","Si el vapor llega a contaminarte, seguir inhalándolo hará que pierdas salud. Dirígete a zonas
donde el vapor sea más fino, y si aun así te contamina intenta deshacerte de él.",1885.86,2619.25,3,0,1,2,3,1,1,1,2,2,N/D,nd,,,Agua,agua,,,,,Efluvio,efluvio,,,,
47,82,Kulve Taroth,Kulve-Taroth,Dragón anciano,Grande,AM,"Dragón anciano que se protege a si misma con una brillante coraza metaliza. Su ecología y el
material que la recubre varían en cada aparición: de ahí que sea tan importante investigar
más.","Los cuernos de Kulve Taroth están revestidos de oro, así que para poder romperlos es
necesaria una investigación exhaustiva. Para saber más sobre ella, persigue al monstruo,
encuentra sus rastros y busca a otros cazadores que te ayuden en la investigación.",4573.25,4573.25,0,2,1,3,2,1,1,1,1,1,Fuego,fuego,,,Rayo,rayo,Fuego,fuego,,,Plaga de fuego,plagaFuego,,,,
48,87,Xeno'jiiva,Xeno-jiiva,Dragón anciano,Grande,AM,Investigando,Investigando,4509.1,4509.1,2,2,2,2,2,3,0,1,2,1,Draco,draco,,,Sueño,sueno,,,,,Plaga de fuego,plagaFuego,Plaga de draco,plagaDraco,,
49,59,Lunastra,Lunastra,Dragón anciano,Grande,AM,"Dragón anciano hembra increíblemente escaso, capaz de esparcir por el aire polvo azul ardiente. Se le ve con el macho de su especie, Teostra.
",El calor extremo de la Lunastra y su polvo agotan tu salud a menos que tomes bebidas frías. Pero su polvo y llamas azules explotan al tocar fuego: ayúdate con bombas o bombas cristalinas.,1645.81,2267.56,0,1,1,3,2,1,1,1,2,2,Fuego,fuego,,,Fuego,fuego,,,,,Plaga de fuego,plagaFuego,,,,
50,83,Bégimo,Begimo,Dragón anciano,Grande,A,Una poderosa bestia de otro mundo. Sus largos cuernos y porte musculoso son extraordinarios. Necesitarás un plan único para hacerle frente.,"No hay otra opción: necesitarás a un curador, un atacante y un provocador formando equipo. Cuando invoque al Eclipse Meteoro, refúgiate tras uno de los cometas o no tendrás opción.",3423.65,3423.65,1,2,1,2,3,2,2,2,2,2,Fuego,fuego,Rayo,rayo,Rayo,rayo,Fuego,fuego,,,Sangrado,sangrado,Plaga de fuego,plagaFuego,Plaga de rayo,
51,84,Leshen,Leshen,Relicto,Grande,A,"Una criatura que habita en lo más profundo del bosque, y que con su magia innata puede controlar a la fauna y flora de su territorio.","Enfrentarse a Jagras y buitresaurios controlados por un leshen es difícil, pero la Señal de Igni es muy útil para deshacerse de las raíces.",549.70,549.70,3,0,2,1,2,3,0,2,2,1,N/D,nd,,,Agua,agua,Sueño,sueno,,,Sangrado,sangrado,,,,
52,85,Leshen antiguo,Leshen-Antiguo,Relicto,Grande,A,Leshen antiguo llegado a través de un portal para subyugar al Bosque Primigenio. Venerado a veces como una deidad local.,Los leshen antiguos pueden poner su sabiduría y astucia táctica en práctica para maldecir a los cazadores y enviar grupos de Jagras tras ellos.,633.81,633.81,3,0,2,1,2,2,0,1,1,1,N/D,nd,,,Agua,agua,Sueño,sueno,,,Sangrado,sangrado,,,,
53,17,Anteka,Anteka,Hervíboro,Pequeño,A,,,0.00,0.00,0,0,0,0,0,0,0,0,0,0,,,,,,,,,,,,,,,,
54,18,Cortos,Cortos,Dracoalado,Pequeño,A,,,0.00,0.00,0,0,0,0,0,0,0,0,0,0,,,,,,,,,,,,,,,,
55,19,Popo,Popo,Hervíboro,Pequeño,A,,,0.00,0.00,0,0,0,0,0,0,0,0,0,0,,,,,,,,,,,,,,,,
56,20,Wulg,Wulg,Wyvern de colmillos,Pequeño,A,,,0.00,0.00,0,0,0,0,0,0,0,0,0,0,,,,,,,,,,,,,,,,
57,63,Beotodus,Beotodus,Wyvern nadador,Grande,M,Este monstruo nadador de cabeza en punta se mueve por la nieve como un pez por el mar. Suele lanzar nieve a sus presas.,"Si le quitas la nieve que se acumula en su cuerpo, se verá obligado a salir al exterior. Las cápsulas chillonas son un buen ataque: céntrate en sus aletas para debilitarlo.",1462.55,2077.49,3,1,2,0,0,2,2,2,3,2,Hielo,hielo,,,Hielo,hielo,Draco,draco,,,,,,,,
58,64,Banbaro,Banbaro,Wyvern brutal,Grande,M,Monstruo conocido por cargar violentamente y por sus bellos cuernos capaces de derribar árboles a su paso.,Golpearle las patas es una buena forma de contraatacar cuando carga. Los cazadores dicen que las fragmenueces y bombas cristalinas son eficaces contra él.,2140.31,3006.05,3,0,1,0,3,2,2,2,3,3,Hielo,hielo,,,Agua,agua,Hielo,hielo,,,,,,,,
59,28,Tobi-Kadachi Vípero,Tobi-Kadachi-Vipero,Wyvern de colmillos,Grande,M,La cola de esta subespecie secreta una toxina y los colmillos paralizan a su presa. Puede planear sin subir a los árboles.,"Su agilidad es su mejor arma, pero también hace que se agote fácilmente. Cuando está cansado, se mueve mucho menos. Concentra tus esfuerzos en sus partes más blandas.",1157.46,1573.63,1,0,3,2,1,1,2,1,2,2,,,,,,,,,,,,,,,,
60,39,Paolumu Somnus,Paolumu-Somnus,Wyvern volador,Grande,M,"Una subespecie de Paolumu capaz de adormecer a sus presas. Su garganta acumula un gas sedante que rocía sobre sus presas, dejándolas indefensas.","Sus coletazos y demás golpes empujan su aliento soporífero hacia la victima. No bajará a tierra firme a menos que hagas algo para “convencerlo”, por así decirlo.",445.91,1417.77,2,3,1,1,0,2,1,2,2,2,,,,,,,,,,,,,,,,
61,24,Pukei-Pukei Coralino,Pukei-Pukei-Coralino,Wyvern pájaro,Grande,M,Un wyvern pájaro que acumula agua. Se vuelve más fuerte al consumir plantas. Si está en peligro lanza chorros por la cola o la boca.,"Tras comer, los ataques de agua de ambas partes se potencian. Concéntrate en una de ellas para debilitarlo. De naturaleza cobarde, no comerá si hay depredadores cerca.",970.16,1322.94,1,0,2,3,1,3,2,2,2,2,,,,,,,,,,,,,,,,
62,65,Barioth,Barioth,Wyvern volador,Grande,M,"El wyvern volador blando níveo del ártico. Tiene grandes colmillos, y atraviesa el hielo usando la cola y las patas delanteras.","Rómpele la cola o, mejor, las patas delanteras para que no pueda moverse ni atacar. Su piel es extremadamente resistente, pero el elemento fuego debería hacerle mucho daño.",1846.50,2601.89,3,0,2,0,1,2,2,2,2,2,,,,,,,,,,,,,,,,
63,66,Nargacuga,Nargacuga,Wyvern volador,Grande,M,"Sumamente ágil, sobre todo en tierra firme, este wyvern volador de piel de obsidiana se mueve con acelerones explosivos.","El Nargacuga es más lento si se cansa: ¡haz que se pelee con otros monstruos, funciona bien! Cuidado al poner trampas, ya que las destruirá si no esta enfurecido.",1684.97,2393.43,2,0,3,1,1,2,2,2,2,2,,,,,,,,,,,,,,,,
64,67,Glavenus,Glavenus,Wyvern brutal,Grande,M,Un wyvern brutal que blande su pesada cola azul como una espada. Se va calentando con cada golpe hasta ponerse roja.,"Una vez al rojo vivo, su cola empezará a oxidarse y la afilará con sus colmillos, por lo que su aliento será abrasador. Apunta a la garganta cuando esté roja.",2215.35,3003.03,0,3,1,2,2,2,2,2,2,2,,,,,,,,,,,,,,,,
65,69,Tigrex,Tigrex,Wyvern volador,Grande,M,"Un wyvern volador salido de la prehistoria, de rugido bestial y patas musculosas que le permiten cargar de forma impresionante.","Los salientes y los obstáculos no podrán detener la carga del Tigrex. Debes estar fuera de su alcance. Tras varias cargas se cansará, y al ser lento podrás contraatacar.",1710.02,2429.00,0,1,3,1,2,2,2,2,2,2,,,,,,,,,,,,,,,,
66,71,Brachydios,Brachydios,Wyvern brutal,Grande,M,Este wyvern brutal azul marino usa su saliva para preparar la baba pegajosa que cubre sus brazos y volverse muy explosivo.,Su cabellera secreta una baba muy densa que inmoviliza a quien la pise. Se puede diluir con agua. Los ataques de agua y hielo contra su cabeza y brazos son muy efectivos.,1451.19,2038.19,0,2,1,3,1,2,2,2,1,2,,,,,,,,,,,,,,,,
67,43,Legiana Aullador,Legiana-Aullador,Wyvern volador,Grande,M,Una variedad de Legiana cubierta de hielo. Su especialidad es congelar asus presas y atacar desde arriba una vez congeladas.,"Si le haces suficiente daño, lo harás caer. Es especialmente vulnerable cuando cae en picado, por lo que las bombas de barril son eficaces. También le afecta el veneno.",1611.89,2289.31,0,0,0,0,0,0,0,0,0,0,,,,,,,,,,,,,,,,
68,30,Anjanath Fulgúreo,Anjanath-Fulgureo,Wyvern brutal,Grande,M,"Conocido como “wyvern de dientes eléctricos”, esta subespecie de Anjanath fortalece su mandíbula y membrana dorsal con electricidad.","En estado electrificado, su piel se endurece y sus ataques causan daño elemental. Ataca a la cabeza para acabar con la carga eléctrica. Su territorio es muy extenso.",1448.89,2008.68,3,1,2,0,1,3,2,2,2,2,,,,,,,,,,,,,,,,
69,68,Glavenus Acídico,Glavenus-Acidico,Wyvern brutal,Grande,M,"Subespecie de Glavenus del Valle Putrefacto. Tiene un fluido cristalizado en la cola, lo que al moverla suelta ácido corrosivo.","El ácido de su cola disminuye la defensa de los cazadores al tocarlos, y se expande con el tiempo: cada vez llega más lejos. Si lo rascas, su cola se volverá más afilada.",2135.20,2894.38,3,1,2,1,2,2,2,2,2,2,,,,,,,,,,,,,,,,
70,45,Odogaron Ébano,Odogaron-Ebano,Wyvern de colmillos,Grande,M,"Esta subespecie de Odogaron siempre busca nuevas presas, y a menudo se les ha avistado con una en sus fauces. Al parecer, entran en un frenesí enloquecido mientras se alimentan.","Cuando enloquece, utiliza ataques de elemento draco. Para que se calme hay que atacar su cabeza con sus propios ataques. La clave para vencerlo es impedir que coma.",1222.10,1735.94,2,3,2,2,1,3,2,3,2,2,,,,,,,,,,,,,,,,
71,73,Velkhana,Velkhana,Dragón anciano,Grande,M,"Un dragón anciano que congela todo lo que encuentra. Según la leyenda, puede controlar el frío y utilizar su aliento helado para crear agujas de hielo de la nada.","Eliminar el hielo que cubre su cuerpo anula su aliento gélido, y rompiendo los muros de hielo que crea (sobre todo con cápsulas antorcha) podrás crear plataformas sobre las que montar.",2336.45,3193.14,3,1,2,0,1,2,1,1,3,1,,,,,,,,,,,,,,,,
72,51,Bazelgeuse Magma,Bazelgeuse-Magma,Wyvern volador,Grande,M,Las escamas de esta variedad de Bazelgeuse arden. La cantidad de explosiones y su radio aumentan a medida que pasa el tiempo.,"Ataca las escamas potenciadas para debilitar al monstruo. Lo más efectivo para ello es utilizar cápsulas de barro, bombas cristalinas o fragmanueces.",1696.97,2391.19,0,1,2,3,1,2,3,2,1,2,,,,,,,,,,,,,,,,
73,62,Vaal Hazak Espóreo,Vaal-Hazak-Esporeo,Dragón anciano,Grande,M,"Una variante de Vaal Hazak cubierta de esporas, que escupen un torrente de efluvio tóxico a cualquiera que se acerque.","Ataca las zonas más cubiertas por esporas para que sea más vulnerable, ya que le protegen de la luz. Rompe su cabeza para hacer funcionar las cápsulas flash.",1843.95,2577.34,2,0,1,1,2,1,1,1,2,1,,,,,,,,,,,,,,,,
74,74,Namielle,Namielle,Dragón anciano,Grande,M,"Un dragón anciano cubierto de agua y capaz de controlar la electricidad. Electriza balsas de agua, creando corrientes de vapor.","Emitir agua hace que su recubrimiento pierda grosor, y al secarse le hace más vulnerable. Hay municiones de la eslinga (como el musgo brillante) útiles contra sus balsas de agua.",1843.42,2519.35,3,0,0,1,2,3,1,1,3,2,,,,,,,,,,,,,,,,
75,53,Deviljho Salvaje,Deviljho-Salvaje,Wyvern brutal,Grande,M,"Una variante mutada de Deviljho, enajenado por su hambre insaciable. Intentará comerse a todo lo que vea.",El monstruo se vuelve más fuerte a medida que lucha y come. Intenta que no coma y te será más fácil derrotarlo. La cabeza es su punto débil. Te ignorará ante presas más grandes.,2001.91,2497.22,2,2,3,1,3,3,3,3,2,2,,,,,,,,,,,,,,,,
76,57,Nergigante Regio,Nergigante-Regio,Dragón anciano,Grande,M,"Incontables batallas han fortalecido a esta variante de Nergigante. Además de curarse, sus púas se endurecen al debilitarse.","Como sus parientes, ataca con sus púas blancas y negras, pero también tiene púas metálicas que no vuelven a crecer. Rómpelas para reducir la letalidad de este monstruo.",1626.35,2273.19,1,1,2,1,3,2,2,2,3,1,,,,,,,,,,,,,,,,
77,86,Shara Ishvalda,Shara-Ishvalda,Dragón anciano,Grande,M,"Misterioso dragón anciano capaz de manipular a la tierra misma. El vibrar de sus alas remodela la tierra, lo que hará que te caigas.","Es esencial hacerle perder su armadura pétrea. Las bombas (o hacer caer rocas suspendidas) te serán de ayuda, pero lo más importante es neutralizar los temblores que generan sus alas.",1006.16,2008.68,1,2,0,3,1,2,0,1,3,1,,,,,,,,,,,,,,,,
78,77,Zinogre,Zinogre,Wyvern de colmillos,Grande,M,El rayo fluye por su magnífico pelaje y coraza. Este wyvern de colmillos es letal en su estado sobrecargado.,"Si se sobrecarga, algunas partes se ablandarán pero las trampas eléctricas dejan de funcionar. Haz tambalearse repetidamente al monstruo con tus ataques y perderá el estado sobrecargado, o derríbalo y obtén materiales con la red de caza.",1569.14,2179.36,1,2,0,3,1,2,2,1,2,2,,,,,,,,,,,,,,,,
79,75,Yian Garuga,Yian-Garuga,Wyvern volador,Grande,M,"Un wyvern pájaro con malas pulgas, reconocible por sus escamas negras y duras e impresionante melena. Golpea con su peculiar pico.","Puede sacudir su cuerpo con suficiente violencia como para romper tus trampas de escollo si lo enfureces. Haz que se calme rompiéndole partes del cuerpo, o dejando que se agote al atacar.",1222.33,1736.26,0,3,0,1,2,1,1,2,3,2,,,,,,,,,,,,,,,,
80,76,Yian Garuga Naevus,Yian-Garuga-Naevus,Wyvern volador,Grande,M,Un Yian Garuga curtido que sobrevivió a un duro combate con tan solo una cicatriz en la cabeza. Ataca repetidas veces con su aliento.,"Su cabeza se puede romper fácilmente, como la de la especie normal, y se agota rápido. Se comporta de manera diferente cuando vuela distancias cortas, así que ve con cuidado.",1236.22,1708.48,0,3,0,1,2,1,1,2,3,2,,,,,,,,,,,,,,,,
81,70,Tigrex Pardo,Tigrex-Pardo,Wyvern volador,Grande,M,Escamas negruzcas y un potente rugido caracterizan a esta subespecie de Tigrex. Mucho más agresivo que otros Tigrex.,"Al igual que sus parientes, se cansará tras haber cargado varias veces. Atráelo para agotarlo. Romperle la cabeza es una buena forma de debilitar su rugido.",1746.88,2390.14,0,3,2,1,1,2,2,2,2,2,,,,,,,,,,,,,,,,
82,33,Rathian Dorada,Rathian-Dorada,Wyvern volador,Grande,M,"Una Rathian inusual de escamas doradas. Si está envuelta en fuego infernal, su aliento es más letal y su cola abarca más terreno.","Se puede disipar el fuego infernal al causar cierta cantidad de daño a su cabeza, extremadamente rígida hasta que se rompe. Intenta romperla lo antes posible.",1561.39,2175.42,0,2,3,1,0,1,2,2,1,2,,,,,,,,,,,,,,,,
83,36,Rathalos Plateado,Rathalos-Plateado,Wyvern volador,Grande,M,"Un Rathalos inusual de escamas plateadas. Si está envuelto en fuego infernal, su aliento es más letal y ataca de manera diferente.",Se puede disipar el fuego infernal al causar cierta cantidad de daño a su cabeza. Convive con una Rathian Dorada. Sus alientos combinados se vuelven aún más mortales.,1516.76,2130.28,0,3,2,1,0,1,2,2,1,2,,,,,,,,,,,,,,,,
84,79,Rajang,Rajang,Bestia de colmillos,Grande,M,"Una criatura de desmesurada agresividad contra la que muy pocos sobreviven. Sus brazos son poderosísimos, y se vuelve dorado al enfadarse.","El Rajang es aún más peligroso al concentrar su poder en los brazos, destruyendo incluso trampas eléctricas. Por contra, las trampas de escollo sí que le afectan, pero solo cuando está furioso. Su instinto le hace atacar cualquier cosa que invada su territorio.",729.62,978.35,0,1,0,3,0,1,1,1,2,1,,,,,,,,,,,,,,,,
85,78,Zinogre Estigio,Zinogre-Estigio,Wyvern de colmillos,Grande,M,"Tiene una relación simbiótica con los bichos dracófagos, que salen despedidos de él como balas. Cubierto de luz es aún más peligroso.","Si derribas al monstruo o haces que se tabalee, perderá su estado potenciado. Ientras tenga la piel endurecida, será ás vulnerable a los ataques elementales.",1534.27,2179.36,0,0,1,0,0,2,2,2,3,2,,,,,,,,,,,,,,,,
86,88,Safi'jiiva,Safi-jiiva,Dragón anciano,Grande,M,"La forma adulta de Xeno’jiiva. Es capaz de absorber energía del entorno, tanto para curarse como para modificar el ecosistema.",Escapa de su aliento refugiándote tras un obstáculo. Reduce su salud rompiéndole partes y utilizando el entorno. Intenta acorralarlo y no dejéis de colaborar para conseguir abatirlo.,4799.78,4799.78,2,2,2,2,2,3,1,2,3,2,,,,,,,,,,,,,,,,
87,80,Rajang Rabioso,Rajang-Rabioso,Bestia de colmillos,Grande,M,"Una variedad de Rajang con una melena dorada. Lanza ataques a distancia y usando muros. Al enfurecerse, brilla con un fulgor dorado.","Se aconseja rodearlo y atacar por los flancos. Si atrapa a un compañero, ayúdalo con polvo de vida y demás. Esta variedad no tiene cola: anula su modo furioso atacando la cabeza.",0.00,0.00,0,0,0,0,0,0,0,0,0,0,,,,,,,,,,,,,,,,
88,72,Brachydios Colérico,Brachydios-Colerico,Wyvern brutal,Grande,M,Variedad de Brachydios más grande de lo habitual en la especie. La baba que recubre su cuerpo se activa y explota con el tiempo.,"Ataca cuerpo a cuerpo, con ataques elementales de agua o acuamusgo para evitar que se active la baba. ¡Y además, cuidado con dónde pisas! Puedes provocar que la baba caiga y explote.",0.00,0.00,0,2,1,3,1,2,2,2,1,2,,,,,,,,,,,,,,,,
